{"type":"HMM","name":"hmm","num_states":3,"trans_probs":[[-1.3862943611198906,-0.6931471805599453,-1.3862943611198906],[-1.7976931348623157e+308,-0.6931471805599453,-0.6931471805599453],[-0.2876820724517809,-1.7976931348623157e+308,-1.3862943611198906]],"init_probs":[-1.0986122886681098,-1.0986122886681098,-1.0986122886681098],"obs_models":[{"type":"Gaussian","name":"A","num_elements":2,"trainable":true,"nsamples":9,"diag":true,"sumx":[-356.4,-367.64],"sumx_sq":[14138.72,15034.965600000001],"mean":[-39.599999999999994,-40.84888888888889],"sd":[1.6759740119969684,1.3856442099411441]},{"type":"Gaussian","name":"B","num_elements":2,"trainable":true,"nsamples":10,"diag":true,"sumx":[-412.873,-394.69],"sumx_sq":[17109.769377,15612.3725],"mean":[-41.2873,-39.469],"sd":[2.51710079456506,1.8534532635057221]},{"type":"Gaussian","name":"C","num_elements":2,"trainable":true,"nsamples":12,"diag":true,"sumx":[-164,-590],"sumx_sq":[2266,29182],"mean":[-13.666666666666666,-49.166666666666664],"sd":[1.4337208778404333,3.8042374035044357]}],"trainable":true,"sum_xi":[[0,0,0],[0,0,0],[0,0,0]],"sum_gamma":[0,0,0],"sum_init_probs":[0,0,0],"trainer_config":{"data_set":"train-random.yaml","model":"hmm","hmm":{"tp_graph":"topology.yaml","use_alignments":true,"output_distribution":"gaussian"},"gmm":{},"gaussian":{}}}